{"name":"8e2999a1-0bda-4ff4-b42b-dfccfd4c50f3","id":"/providers/Microsoft.Flow/flows/8e2999a1-0bda-4ff4-b42b-dfccfd4c50f3","type":"Microsoft.Flow/flows","properties":{"apiId":"/providers/Microsoft.PowerApps/apis/shared_logicflows","displayName":"Create Urgent Leave in  Outlook","definition":{"metadata":{"workflowEntityId":null,"processAdvisorMetadata":null,"flowclientsuspensionreason":"None","flowclientsuspensiontime":null,"creator":{"id":"d3b08500-cca9-4708-b746-e12a7b74e24e","type":"User","tenantId":"8a06fefe-0f4d-4e7a-9754-1afa51b92d20"},"provisioningMethod":"FromDefinition","failureAlertSubscription":true,"clientLastModifiedTime":"2022-06-02T15:21:28.0609669Z"},"$schema":"https://schema.management.azure.com/providers/Microsoft.Logic/schemas/2016-06-01/workflowdefinition.json#","contentVersion":"1.0.0.0","parameters":{"$connections":{"defaultValue":{},"type":"Object"},"$authentication":{"defaultValue":{},"type":"SecureObject"}},"triggers":{"manual":{"metadata":{"operationMetadataId":"2e4c9059-762d-4412-bf9c-0832e25f6bd3"},"type":"Request","kind":"Button","inputs":{"schema":{"type":"object","properties":{"date":{"title":"Start Date","type":"string","format":"date","x-ms-dynamically-added":true,"description":"Please enter or select a date (YYYY-MM-DD)","x-ms-content-hint":"DATE"},"date_1":{"title":"End Date","type":"string","format":"date","x-ms-dynamically-added":true,"description":"Please enter or select a date (YYYY-MM-DD)","x-ms-content-hint":"DATE"},"text":{"title":"Duration","type":"string","x-ms-dynamically-added":true,"description":"Please enter your input","x-ms-content-hint":"TEXT","enum":["FULL DAY","AM","PM"]},"text_1":{"title":"Leave Type","type":"string","x-ms-dynamically-added":true,"description":"Please enter your input","x-ms-content-hint":"TEXT","enum":["ANNUAL LEAVE","CHILDCARE LEAVE","MEDICAL LEAVE","HOSPITALIZATION LEAVE","COMPASSIONATE LEAVE(IMMEDIATE_FAMILY)","COMPASSIONATE_LEAVE(NON-FAMILY)","DENTAL LEAVE","GOVT ORDERED PAID LEAVE","NATIONAL SERVICE","UNPAID LEAVE"]}},"required":["date","date_1","text","text_1"]},"headersSchema":{"x-ms-user-email-encoded":{"title":"User email","type":"string","format":"byte","x-ms-dynamically-added":false}}}}},"actions":{"Leave_Condition":{"actions":{"Set_varStartTime_8:45am":{"runAfter":{},"metadata":{"operationMetadataId":"cc750986-45e6-4c9a-8f5f-f9c963cce49f"},"type":"SetVariable","inputs":{"name":"varStartTime","value":"@{convertFromUtc(concat(substring(triggerBody()['date'],0,10),'T00:45:00.5702297Z'), 'Singapore Standard Time' )}"}},"Set_varEndtime_5:15pm_":{"runAfter":{"Set_varStartTime_8:45am":["Succeeded"]},"metadata":{"operationMetadataId":"3bcce555-fcdd-4908-8982-5ffdd815b0cd"},"type":"SetVariable","inputs":{"name":"varEndTime","value":"@{convertFromUtc(concat(triggerBody()['date_1'], 'T09:15:00.5702297Z'), 'Singapore Standard Time')}"}},"Set_varLeaveSubject":{"runAfter":{"Set_varEndtime_5:15pm_":["Succeeded"]},"metadata":{"operationMetadataId":"d6c5b4c7-4cb8-40ce-b892-14671761704e"},"type":"SetVariable","inputs":{"name":"varLeaveSubject","value":" @{triggerBody()['text_1']} @{triggerBody()['text']}"}}},"runAfter":{"Init_varLeaveSubject":["Succeeded"]},"else":{"actions":{"Condition__=_Half_Day_AM":{"actions":{"Set_varEndtime_1pm":{"runAfter":{"Set_varStartTime_8:45am_":["Succeeded"]},"metadata":{"operationMetadataId":"84bd9b63-84f5-4b4c-b35d-4df31493d834"},"type":"SetVariable","inputs":{"name":"varEndTime","value":"@{convertFromUtc(concat(triggerBody()['date_1'], 'T09:15:00.5702297Z'), 'Singapore Standard Time')}"}},"Set_varStartTime_8:45am_":{"runAfter":{},"metadata":{"operationMetadataId":"cc750986-45e6-4c9a-8f5f-f9c963cce49f"},"type":"SetVariable","inputs":{"name":"varStartTime","value":"@{convertFromUtc(concat(substring(triggerBody()['date'],0,10),'T00:45:00.5702297Z'), 'Singapore Standard Time' )}"}},"Set_varLeaveSubject_AM":{"runAfter":{"Set_varEndtime_1pm":["Succeeded"]},"metadata":{"operationMetadataId":"7dca5359-ec05-411b-ad1a-01dbb033596a"},"type":"SetVariable","inputs":{"name":"varLeaveSubject","value":"  @{triggerBody()['text_1']} @{triggerBody()['text']}"}}},"runAfter":{},"else":{"actions":{"Set_varStartTime_1pm":{"runAfter":{},"metadata":{"operationMetadataId":"50d99651-d7bc-4c92-ad37-47daf61ac9d0"},"type":"SetVariable","inputs":{"name":"varStartTime","value":"@{convertFromUtc(concat(triggerBody()['date'],'T05:00:00.5702297Z'), 'Singapore Standard Time' )}"}},"Set_varEndtime_5:15pm":{"runAfter":{"Set_varStartTime_1pm":["Succeeded"]},"metadata":{"operationMetadataId":"3bcce555-fcdd-4908-8982-5ffdd815b0cd"},"type":"SetVariable","inputs":{"name":"varEndTime","value":"@{convertFromUtc(concat(triggerBody()['date_1'], 'T09:15:00.5702297Z'), 'Singapore Standard Time')}"}},"Set_varLeaveSubject_PM":{"runAfter":{"Set_varEndtime_5:15pm":["Succeeded"]},"metadata":{"operationMetadataId":"8eee8c04-fd1a-4385-8ed9-ccf7c97cfad6"},"type":"SetVariable","inputs":{"name":"varLeaveSubject","value":"  @{triggerBody()['text_1']} @{triggerBody()['text']}"}}}},"expression":{"equals":["@triggerBody()['text']","AM"]},"metadata":{"operationMetadataId":"2b5c3471-1af4-4f5d-88c9-5cc92a16e114"},"type":"If","description":"If Leave is Half Day and Morning"}}},"expression":{"equals":["@triggerBody()['text']","FULL DAY"]},"metadata":{"operationMetadataId":"74cfcc71-c334-461e-9696-10cf1ca098b2"},"type":"If","description":"If leave is Full Day"},"Block_Leave_in_Outlook":{"runAfter":{"Leave_Condition":["Succeeded"]},"metadata":{"operationMetadataId":"73008e2b-c823-4884-8bf9-c6d2441578c9"},"type":"OpenApiConnection","inputs":{"host":{"apiId":"/providers/Microsoft.PowerApps/apis/shared_office365","connectionName":"shared_office365","operationId":"V4CalendarPostItem"},"parameters":{"table":"AAMkAGQyOGEzODg2LTM4YjAtNDFkOC1iOGVkLWYwNDk1ZDM0ODc1YwBGAAAAAAAtQwgocWnERLIEVqxqH2XOBwDF4RguFYzSTpBHuzmY3sWwAAAAAAEGAADF4RguFYzSTpBHuzmY3sWwAAAAAZmdAAA=","item/subject":"@variables('varLeaveSubject')","item/start":"@variables('varStartTime')","item/end":"@variables('varEndTime')","item/timeZone":"(UTC+08:00) Kuala Lumpur, Singapore","item/importance":"normal","item/isAllDay":false,"item/recurrence":"none","item/isReminderOn":false,"item/showAs":"oof","item/responseRequested":false,"item/sensitivity":"normal"},"authentication":{"value":"@json(decodeBase64(triggerOutputs().headers['X-MS-APIM-Tokens']))['$ConnectionKey']","type":"Raw"}}},"Init_varEndTime":{"runAfter":{"Init_varStartTime":["Succeeded"]},"metadata":{"operationMetadataId":"295aec7d-56a8-4522-9b8a-48af065151c8"},"type":"InitializeVariable","inputs":{"variables":[{"name":"varEndTime","type":"string"}]}},"Init_varLeaveSubject":{"runAfter":{"Init_varEndTime":["Succeeded"]},"metadata":{"operationMetadataId":"f314cfa9-7640-4547-b24f-38a882a7bf3e"},"type":"InitializeVariable","inputs":{"variables":[{"name":"varLeaveSubject","type":"string"}]}},"Post_message_in_a_chat_or_channel":{"runAfter":{"Send_an_email_(V2)":["Succeeded"]},"metadata":{"operationMetadataId":"60079cb7-9468-4ca6-b44c-c39901c4d1fd"},"type":"OpenApiConnection","inputs":{"host":{"apiId":"/providers/Microsoft.PowerApps/apis/shared_teams","connectionName":"shared_teams","operationId":"PostMessageToConversation"},"parameters":{"poster":"Flow bot","location":"Chat with Flow bot","body/recipient":"@{outputs('Get_user_profile_(V2)')?['body/mail']};","body/messageBody":"<p>Hi @{outputs('Get_user_profile_(V2)')?['body/displayName']},<br>\nYour calendar is successfully blocked.<br>\n<br>\nSubject: @{outputs('Block_Leave_in_Outlook')?['body/subject']}<br>\nStart DateTime: @{formatDateTime(outputs('Block_Leave_in_Outlook')?['body/start'], 'dd-MMM-yyyy hh:mm tt')}<br>\nEnd DateTime: @{formatDateTime(outputs('Block_Leave_in_Outlook')?['body/end'], 'dd-MMM-yyyy hh:mm tt')}<br>\n<br>\n<strong>REMEMBER TO APPLY </strong><strong>@{variables('varLeaveSubject')}</strong><strong> through INFOTECH</strong></p>"},"authentication":{"value":"@json(decodeBase64(triggerOutputs().headers['X-MS-APIM-Tokens']))['$ConnectionKey']","type":"Raw"}}},"Init_varStartTime":{"runAfter":{"Get_user_profile_(V2)":["Succeeded"]},"metadata":{"operationMetadataId":"97bbf59d-1d07-4585-be04-0aea96cb64a4"},"type":"InitializeVariable","inputs":{"variables":[{"name":"varStartTime","type":"string"}]}},"Get_user_profile_(V2)":{"runAfter":{},"metadata":{"operationMetadataId":"d5f2014c-dec1-4589-8425-d3de3ab37750"},"type":"OpenApiConnection","inputs":{"host":{"apiId":"/providers/Microsoft.PowerApps/apis/shared_office365users","connectionName":"shared_office365users","operationId":"UserProfile_V2"},"parameters":{"id":"@triggerOutputs()['headers']['x-ms-user-email-encoded']"},"authentication":{"value":"@json(decodeBase64(triggerOutputs().headers['X-MS-APIM-Tokens']))['$ConnectionKey']","type":"Raw"}}},"Send_an_email_(V2)":{"runAfter":{"Block_Leave_in_Outlook":["Succeeded"]},"metadata":{"operationMetadataId":"086403b9-a2a5-4092-8988-103004619d72"},"type":"OpenApiConnection","inputs":{"host":{"apiId":"/providers/Microsoft.PowerApps/apis/shared_office365","connectionName":"shared_office365","operationId":"SendEmailV2"},"parameters":{"emailMessage/To":"@outputs('Get_user_profile_(V2)')?['body/mail']","emailMessage/Subject":"Urgent application for @{variables('varLeaveSubject')}","emailMessage/Body":"<p>Hi @{outputs('Get_user_profile_(V2)')?['body/displayName']},<br>\nUrgently applying for the following:<br>\n<br>\n<br>\nSubject: @{outputs('Block_Leave_in_Outlook')?['body/subject']}<br>\nStart DateTime: @{formatDateTime(outputs('Block_Leave_in_Outlook')?['body/start'], 'dd-MMM-yyyy hh:mm tt')}<br>\nEnd DateTime: @{formatDateTime(outputs('Block_Leave_in_Outlook')?['body/end'], 'dd-MMM-yyyy hh:mm tt')}<br>\n<br>\n</p>"},"authentication":{"value":"@json(decodeBase64(triggerOutputs().headers['X-MS-APIM-Tokens']))['$ConnectionKey']","type":"Raw"}}}}},"connectionReferences":{"shared_office365":{"connectionName":"d1ffb75829d4468896356e5b2a317746","source":"Invoker","id":"/providers/Microsoft.PowerApps/apis/shared_office365","tier":"NotSpecified"},"shared_teams":{"connectionName":"shared-teams-d4d6af57-1ad3-496c-9fcb-81cb-306d773f","source":"Invoker","id":"/providers/Microsoft.PowerApps/apis/shared_teams","tier":"NotSpecified"},"shared_office365users":{"connectionName":"shared-office365user-7f2cb608-15e9-428e-b101-cf7f-d8c11b1d","source":"Invoker","id":"/providers/Microsoft.PowerApps/apis/shared_office365users","tier":"NotSpecified"}},"flowFailureAlertSubscribed":false,"isManaged":false}}